trade_date,signal_date,action,tic,shares,price,value,reason
2026-05-05,2026-05-05 08:17:53,BUY,USNA,58,18.5599994659424,1076.48,BOOTSTRAP
2026-05-05,2026-05-05 08:17:53,BUY,VRSN,3,274.149993896484,822.45,BOOTSTRAP
2026-05-05,2026-05-05 08:17:53,BUY,DPZ,3,330.420013427734,991.26,BOOTSTRAP
2026-05-05,2026-05-05 08:17:53,BUY,WIX,13,79.7399978637695,1036.62,BOOTSTRAP
2026-05-05,2026-05-05 08:17:53,BUY,CLBT,79,13.6400003433228,1077.56,BOOTSTRAP
2026-05-05,2026-05-05 08:17:53,BUY,TLS,249,4.36999988555908,1088.13,BOOTSTRAP
2026-05-05,2026-05-05 08:17:53,BUY,BBW,30,36.2599983215332,1087.8,BOOTSTRAP
2026-05-05,2026-05-05 08:17:53,BUY,SMWB,360,3.01999998092651,1087.2,BOOTSTRAP
2026-05-05,2026-05-05 08:17:53,BUY,SFM,13,80.6900024414063,1048.97,BOOTSTRAP
2026-05-05,2026-05-05 08:17:53,BUY,LAW,224,4.8600001335144,1088.64,BOOTSTRAP
2026-05-05,2026-05-05 08:17:53,BUY,NRDS,99,10.8999996185303,1079.1,BOOTSTRAP
2026-05-05,2026-05-05 08:17:53,BUY,RPD,167,6.48999977111816,1083.83,BOOTSTRAP
2026-05-05,2026-05-05 08:17:53,BUY,LFMD,213,5.09000015258789,1084.17,BOOTSTRAP
2026-05-05,2026-05-05 08:17:53,BUY,NVCR,64,16.9300003051758,1083.52,BOOTSTRAP
2026-05-05,2026-05-05 08:17:53,BUY,SNEX,10,105.879997253418,1058.8,BOOTSTRAP
2026-05-05,2026-05-05 08:17:53,BUY,CRTO,56,19.25,1078.0,BOOTSTRAP
2026-05-05,2026-05-05 08:17:53,BUY,ATLC,14,75.6650009155274,1059.31,BOOTSTRAP
2026-05-05,2026-05-05 08:17:53,BUY,GOLD,25,42.6399993896484,1066.0,BOOTSTRAP
2026-05-05,2026-05-05 08:17:53,BUY,BLMN,193,5.63000011444092,1086.59,BOOTSTRAP
2026-05-05,2026-05-05 08:17:53,BUY,WEAV,178,6.09000015258789,1084.02,BOOTSTRAP
2026-05-05,2026-05-05 08:17:53,BUY,M,56,19.1200008392334,1070.72,BOOTSTRAP
2026-05-05,2026-05-05 08:17:53,BUY,ETSY,17,64.0400009155274,1088.68,BOOTSTRAP
2026-05-05,2026-05-05 08:17:53,BUY,CVS,13,82.0100021362305,1066.13,BOOTSTRAP
2026-05-05,2026-05-05 08:17:53,BUY,LAD,3,282.019989013672,846.06,BOOTSTRAP
2026-05-05,2026-05-05 08:17:53,BUY,MLKN,70,15.4899997711182,1084.3,BOOTSTRAP
2026-05-05,2026-05-05 08:17:53,BUY,AMPY,172,6.32000017166138,1087.04,BOOTSTRAP
2026-05-05,2026-05-05 08:17:53,BUY,ADNT,53,20.3799991607666,1080.14,BOOTSTRAP
2026-05-05,2026-05-05 08:17:53,BUY,ARCO,125,8.64999961853027,1081.25,BOOTSTRAP
2026-05-05,2026-05-05 08:17:53,BUY,MPAA,97,11.1350002288818,1080.1,BOOTSTRAP
2026-05-05,2026-05-05 08:17:53,BUY,MGA,18,59.5400009155274,1071.72,BOOTSTRAP
2026-05-05,2026-05-05 08:17:53,BUY,AMWD,27,40.2400016784668,1086.48,BOOTSTRAP
2026-05-05,2026-05-05 08:17:53,BUY,UNFI,21,50.2999992370606,1056.3,BOOTSTRAP
2026-05-05,2026-05-05 08:17:53,BUY,FVRR,94,11.5699996948242,1087.58,BOOTSTRAP
2026-05-05,2026-05-05 08:17:53,BUY,TYGO,233,4.65999984741211,1085.78,BOOTSTRAP
2026-05-05,2026-05-05 08:17:53,BUY,COUR,186,5.82999992370606,1084.38,BOOTSTRAP
2026-05-05,2026-05-05 08:17:53,BUY,HDSN,176,6.17999982833862,1087.68,BOOTSTRAP
2026-05-05,2026-05-05 08:17:53,BUY,GO,136,7.96000003814697,1082.56,BOOTSTRAP
2026-05-05,2026-05-05 08:17:53,BUY,SYM,19,57.0,1083.0,BOOTSTRAP
2026-05-05,2026-05-05 08:17:53,BUY,WMK,15,68.9300003051758,1033.95,BOOTSTRAP
2026-05-05,2026-05-05 08:17:53,BUY,MOS,47,22.9699993133545,1079.59,BOOTSTRAP
2026-05-05,2026-05-05 08:17:53,BUY,BXC,22,48.6599998474121,1070.52,BOOTSTRAP
2026-05-05,2026-05-05 08:17:53,BUY,TITN,51,20.9899997711182,1070.49,BOOTSTRAP
2026-05-05,2026-05-05 08:17:53,BUY,PLTK,298,3.65000009536743,1087.7,BOOTSTRAP
2026-05-05,2026-05-05 08:17:53,BUY,NSIT,15,70.4800033569336,1057.2,BOOTSTRAP
2026-05-05,2026-05-05 08:17:53,BUY,PPC,35,30.5900001525879,1070.65,BOOTSTRAP
2026-05-05,2026-05-05 08:17:53,BUY,OXM,26,40.8899993896484,1063.14,BOOTSTRAP
2026-05-05,2026-05-05 08:17:53,BUY,SLP,71,15.1499996185303,1075.65,BOOTSTRAP
2026-05-05,2026-05-05 08:17:53,BUY,CNC,20,53.560001373291,1071.2,BOOTSTRAP
2026-05-05,2026-05-05 08:17:53,BUY,TRIP,96,11.3299999237061,1087.68,BOOTSTRAP
2026-05-05,2026-05-05 08:17:53,BUY,BJRI,29,36.9599990844727,1071.84,BOOTSTRAP
2026-05-05,2026-05-05 08:17:53,BUY,WKC,39,27.420000076294,1069.38,BOOTSTRAP
2026-05-05,2026-05-05 08:17:53,BUY,LKQ,39,27.75,1082.25,BOOTSTRAP
2026-05-05,2026-05-05 08:17:53,BUY,LZB,32,33.5499992370606,1073.6,BOOTSTRAP
2026-05-05,2026-05-05 08:17:53,BUY,FDP,26,40.3499984741211,1049.1,BOOTSTRAP
2026-05-05,2026-05-05 08:17:53,BUY,SSTK,67,16.1200008392334,1080.04,BOOTSTRAP
2026-05-05,2026-05-05 08:17:53,BUY,ETD,54,20.0400009155273,1082.16,BOOTSTRAP
2026-05-05,2026-05-05 08:17:53,BUY,TMHC,18,58.5800018310547,1054.44,BOOTSTRAP
2026-05-05,2026-05-05 08:17:53,BUY,MANH,7,140.770004272461,985.39,BOOTSTRAP
2026-05-05,2026-05-05 08:17:53,BUY,SIRI,40,26.7700004577637,1070.8,BOOTSTRAP
2026-05-05,2026-05-05 08:17:53,BUY,GDYN,186,5.84000015258789,1086.24,BOOTSTRAP
2026-05-05,2026-05-05 08:17:53,BUY,NUTX,7,147.169998168945,1030.19,BOOTSTRAP
2026-05-05,2026-05-05 08:17:53,BUY,INGM,38,28.0400009155273,1065.52,BOOTSTRAP
2026-05-05,2026-05-05 08:17:53,BUY,CMCO,73,14.75,1076.75,BOOTSTRAP
2026-05-05,2026-05-05 08:17:53,BUY,TLRY,184,5.90000009536743,1085.6,BOOTSTRAP
2026-05-05,2026-05-05 08:17:53,BUY,LZ,160,6.78999996185303,1086.4,BOOTSTRAP
2026-05-05,2026-05-05 08:17:53,BUY,BBY,18,57.6399993896484,1037.52,BOOTSTRAP
2026-05-05,2026-05-05 08:17:53,BUY,CBRL,37,29.0799999237061,1075.96,BOOTSTRAP
2026-05-05,2026-05-05 08:17:53,BUY,DQ,54,19.9500007629395,1077.3,BOOTSTRAP
2026-05-05,2026-05-05 08:17:53,BUY,RHI,41,26.3700008392334,1081.17,BOOTSTRAP
2026-05-05,2026-05-05 08:17:53,BUY,NGVC,37,28.7900009155273,1065.23,BOOTSTRAP
2026-05-05,2026-05-05 08:17:53,BUY,BLDR,14,73.75,1032.5,BOOTSTRAP
2026-05-05,2026-05-05 08:17:53,BUY,AES,76,14.2799997329712,1085.28,BOOTSTRAP
2026-05-05,2026-05-05 08:17:53,BUY,HOG,46,23.2099990844727,1067.66,BOOTSTRAP
2026-05-05,2026-05-05 08:17:53,BUY,OSPN,91,11.9300003051758,1085.63,BOOTSTRAP
2026-05-05,2026-05-05 08:17:53,BUY,CCRN,105,10.3100004196167,1082.55,BOOTSTRAP
2026-05-05,2026-05-05 08:17:53,BUY,MNDY,14,77.3199996948242,1082.48,BOOTSTRAP
2026-05-05,2026-05-05 08:17:53,BUY,ZUMZ,47,22.8700008392334,1074.89,BOOTSTRAP
2026-05-05,2026-05-05 08:17:53,BUY,MDXG,301,3.60999989509583,1086.61,BOOTSTRAP
2026-05-05,2026-05-05 08:17:53,BUY,CRCT,261,4.15999984741211,1085.76,BOOTSTRAP
2026-05-05,2026-05-05 08:17:53,BUY,KE,40,26.8799991607666,1075.2,BOOTSTRAP
2026-05-05,2026-05-05 08:17:53,BUY,MGPI,57,19.0300006866455,1084.71,BOOTSTRAP
2026-05-05,2026-05-05 08:17:53,BUY,COLL,31,34.5800018310547,1071.98,BOOTSTRAP
2026-05-05,2026-05-05 08:17:53,BUY,PLAY,100,10.8000001907349,1080.0,BOOTSTRAP
2026-05-05,2026-05-05 08:17:53,BUY,FRHC,7,140.639999389648,984.48,BOOTSTRAP
2026-05-05,2026-05-05 08:17:53,BUY,SBH,81,13.3999996185303,1085.4,BOOTSTRAP
2026-05-05,2026-05-05 08:17:53,BUY,ELV,2,371.899993896484,743.8,BOOTSTRAP
2026-05-05,2026-05-05 08:17:53,BUY,RYN,52,20.6100006103516,1071.72,BOOTSTRAP
2026-05-05,2026-05-05 08:17:53,BUY,HSY,5,182.009994506836,910.05,BOOTSTRAP
2026-05-05,2026-05-05 08:17:53,BUY,NRIM,45,23.9699993133545,1078.65,BOOTSTRAP
2026-05-05,2026-05-05 08:17:53,BUY,LNTH,12,87.7799987792969,1053.36,BOOTSTRAP
2026-05-06,2026-05-06 01:37:30,SELL,BBW,30,36.64,1099.2,DROPPED_FROM_TARGET
2026-05-06,2026-05-06 01:37:30,SELL,BJRI,29,36.74,1065.46,DROPPED_FROM_TARGET
2026-05-06,2026-05-06 01:37:30,SELL,NGVC,37,28.75,1063.75,DROPPED_FROM_TARGET
2026-05-06,2026-05-06 01:37:30,SELL,PLTK,298,3.639,1084.42,DROPPED_FROM_TARGET
2026-05-06,2026-05-06 01:37:30,SELL,SLP,71,15.71,1115.41,DROPPED_FROM_TARGET
2026-05-06,2026-05-06 01:37:30,SELL,TYGO,233,4.8412,1128.0,DROPPED_FROM_TARGET
2026-05-06,2026-05-06 01:37:30,SELL,WMK,15,69.55,1043.25,DROPPED_FROM_TARGET
2026-05-06,2026-05-06 01:37:30,SELL,ZUMZ,47,24.02,1128.94,DROPPED_FROM_TARGET
2026-05-06,2026-05-06 01:37:30,BUY,AGX,2,720.0,1440.0,BUY
2026-05-06,2026-05-06 01:37:30,BUY,APEI,19,58.1199989318848,1104.28,BUY
2026-05-06,2026-05-06 01:37:30,BUY,ARCO,20,7.52,150.4,ADD
2026-05-06,2026-05-06 01:37:30,BUY,DECK,11,98.5400009155273,1083.94,BUY
2026-05-06,2026-05-06 01:37:30,BUY,ELV,1,315.5,315.5,ADD
2026-05-06,2026-05-06 01:37:30,BUY,FDP,3,37.76,113.28,ADD
2026-05-06,2026-05-06 01:37:30,BUY,FICO,1,1066.27001953125,1066.27,BUY
2026-05-06,2026-05-06 01:37:30,BUY,FRHC,1,138.0,138.0,ADD
2026-05-06,2026-05-06 01:37:30,BUY,LAD,1,286.52,286.52,ADD
2026-05-06,2026-05-06 01:37:30,BUY,LNTH,3,74.0,222.0,ADD
2026-05-06,2026-05-06 01:37:30,BUY,LOW,5,225.229995727539,1126.15,BUY
2026-05-06,2026-05-06 01:37:30,BUY,LZ,23,5.96,137.08,ADD
2026-05-06,2026-05-06 01:37:30,BUY,MANH,1,141.15,141.15,ADD
2026-05-06,2026-05-06 01:37:30,BUY,NOG,41,26.6499996185303,1092.65,BUY
2026-05-06,2026-05-06 01:37:30,BUY,NUTX,2,125.0,250.0,ADD
2026-05-06,2026-05-06 01:37:30,BUY,SFM,2,75.03,150.06,ADD
2026-05-06,2026-05-06 01:37:30,BUY,TPR,8,141.389999389648,1131.12,BUY
2026-05-06,2026-05-06 01:37:30,BUY,VRSN,1,270.0,270.0,ADD
2026-05-07,2026-05-07 01:36:18,SELL,ADNT,53,22.32,1182.96,DROPPED_FROM_TARGET
2026-05-07,2026-05-07 01:36:18,SELL,AES,76,14.4,1094.4,DROPPED_FROM_TARGET
2026-05-07,2026-05-07 01:36:18,SELL,AMPY,172,5.72,983.84,DROPPED_FROM_TARGET
2026-05-07,2026-05-07 01:36:18,SELL,AMWD,27,38.86,1049.22,DROPPED_FROM_TARGET
2026-05-07,2026-05-07 01:36:18,SELL,ARCO,132,7.52,992.64,DROPPED_FROM_TARGET
2026-05-07,2026-05-07 01:36:18,SELL,BBW,30,37.17,1115.1,DROPPED_FROM_TARGET
2026-05-07,2026-05-07 01:36:18,SELL,BBY,18,58.0,1044.0,DROPPED_FROM_TARGET
2026-05-07,2026-05-07 01:36:18,SELL,BLMN,193,6.08,1173.44,DROPPED_FROM_TARGET
2026-05-07,2026-05-07 01:36:18,SELL,BXC,22,58.7,1291.4,DROPPED_FROM_TARGET
2026-05-07,2026-05-07 01:36:18,SELL,CBRL,37,31.22,1155.14,DROPPED_FROM_TARGET
2026-05-07,2026-05-07 01:36:18,SELL,CCRN,105,12.8313,1347.29,DROPPED_FROM_TARGET
2026-05-07,2026-05-07 01:36:18,SELL,CLBT,79,13.25,1046.75,DROPPED_FROM_TARGET
2026-05-07,2026-05-07 01:36:18,SELL,CMCO,73,16.19,1181.87,DROPPED_FROM_TARGET
2026-05-07,2026-05-07 01:36:18,SELL,COLL,31,36.51,1131.81,DROPPED_FROM_TARGET
2026-05-07,2026-05-07 01:36:18,SELL,COUR,186,5.89,1095.54,DROPPED_FROM_TARGET
2026-05-07,2026-05-07 01:36:18,SELL,CRCT,261,4.44,1158.84,DROPPED_FROM_TARGET
2026-05-07,2026-05-07 01:36:18,SELL,CRTO,56,15.9,890.4,DROPPED_FROM_TARGET
2026-05-07,2026-05-07 01:36:18,SELL,CVS,13,80.71,1049.23,DROPPED_FROM_TARGET
2026-05-07,2026-05-07 01:36:18,SELL,DQ,54,19.59,1057.86,DROPPED_FROM_TARGET
2026-05-07,2026-05-07 01:36:18,SELL,ETD,54,20.5,1107.0,DROPPED_FROM_TARGET
2026-05-07,2026-05-07 01:36:18,SELL,ETSY,17,68.04,1156.68,DROPPED_FROM_TARGET
2026-05-07,2026-05-07 01:36:18,SELL,FDP,26,37.5,975.0,DROPPED_FROM_TARGET
2026-05-07,2026-05-07 01:36:18,SELL,FVRR,94,11.63,1093.22,DROPPED_FROM_TARGET
2026-05-07,2026-05-07 01:36:18,SELL,GDYN,186,6.95,1292.7,DROPPED_FROM_TARGET
2026-05-07,2026-05-07 01:36:18,SELL,GOLD,25,46.15,1153.75,DROPPED_FROM_TARGET
2026-05-07,2026-05-07 01:36:18,SELL,HDSN,176,5.84,1027.84,DROPPED_FROM_TARGET
2026-05-07,2026-05-07 01:36:18,SELL,HOG,46,23.5,1081.0,DROPPED_FROM_TARGET
2026-05-07,2026-05-07 01:36:18,SELL,INGM,38,26.87,1021.06,DROPPED_FROM_TARGET
2026-05-07,2026-05-07 01:36:18,SELL,KE,40,25.16,1006.4,DROPPED_FROM_TARGET
2026-05-07,2026-05-07 01:36:18,SELL,LAD,3,289.46,868.38,DROPPED_FROM_TARGET
2026-05-07,2026-05-07 01:36:18,SELL,LAW,224,3.93,880.32,DROPPED_FROM_TARGET
2026-05-07,2026-05-07 01:36:18,SELL,LFMD,213,4.62,984.06,DROPPED_FROM_TARGET
2026-05-07,2026-05-07 01:36:18,SELL,LKQ,39,27.98,1091.22,DROPPED_FROM_TARGET
2026-05-07,2026-05-07 01:36:18,SELL,LNTH,12,74.0,888.0,DROPPED_FROM_TARGET
2026-05-07,2026-05-07 01:36:18,SELL,LZ,183,5.96,1090.68,DROPPED_FROM_TARGET
2026-05-07,2026-05-07 01:36:18,SELL,M,56,19.2,1075.2,DROPPED_FROM_TARGET
2026-05-07,2026-05-07 01:36:18,SELL,MANH,8,137.8,1102.4,DROPPED_FROM_TARGET
2026-05-07,2026-05-07 01:36:18,SELL,MDXG,301,3.68,1107.68,DROPPED_FROM_TARGET
2026-05-07,2026-05-07 01:36:18,SELL,MGA,18,62.7,1128.6,DROPPED_FROM_TARGET
2026-05-07,2026-05-07 01:36:18,SELL,MLKN,70,16.24,1136.8,DROPPED_FROM_TARGET
2026-05-07,2026-05-07 01:36:18,SELL,MNDY,14,76.04,1064.56,DROPPED_FROM_TARGET
2026-05-07,2026-05-07 01:36:18,SELL,MOS,47,23.54,1106.38,DROPPED_FROM_TARGET
2026-05-07,2026-05-07 01:36:18,SELL,MPAA,97,11.62,1127.14,DROPPED_FROM_TARGET
2026-05-07,2026-05-07 01:36:18,SELL,NRDS,99,11.33,1121.67,DROPPED_FROM_TARGET
2026-05-07,2026-05-07 01:36:18,SELL,NRIM,45,24.66,1109.7,DROPPED_FROM_TARGET
2026-05-07,2026-05-07 01:36:18,SELL,NUTX,7,132.5,927.5,DROPPED_FROM_TARGET
2026-05-07,2026-05-07 01:36:18,SELL,NVCR,64,15.88,1016.32,DROPPED_FROM_TARGET
2026-05-07,2026-05-07 01:36:18,SELL,OSPN,91,11.8,1073.8,DROPPED_FROM_TARGET
2026-05-07,2026-05-07 01:36:18,SELL,OXM,26,45.57,1184.82,DROPPED_FROM_TARGET
2026-05-07,2026-05-07 01:36:18,SELL,PLAY,100,11.6,1160.0,DROPPED_FROM_TARGET
2026-05-07,2026-05-07 01:36:18,SELL,PLTK,298,3.56,1060.88,DROPPED_FROM_TARGET
2026-05-07,2026-05-07 01:36:18,SELL,PPC,35,33.3,1165.5,DROPPED_FROM_TARGET
2026-05-07,2026-05-07 01:36:18,SELL,RHI,41,26.17,1072.97,DROPPED_FROM_TARGET
2026-05-07,2026-05-07 01:36:18,SELL,RPD,167,6.47,1080.49,DROPPED_FROM_TARGET
2026-05-07,2026-05-07 01:36:18,SELL,RYN,52,21.19,1101.88,DROPPED_FROM_TARGET
2026-05-07,2026-05-07 01:36:18,SELL,SBH,81,14.01,1134.81,DROPPED_FROM_TARGET
2026-05-07,2026-05-07 01:36:18,SELL,SIRI,40,26.62,1064.8,DROPPED_FROM_TARGET
2026-05-07,2026-05-07 01:36:18,SELL,SLP,71,15.74,1117.54,DROPPED_FROM_TARGET
2026-05-07,2026-05-07 01:36:18,SELL,SMWB,360,3.07,1105.2,DROPPED_FROM_TARGET
2026-05-07,2026-05-07 01:36:18,SELL,SNEX,10,110.5,1105.0,DROPPED_FROM_TARGET
2026-05-07,2026-05-07 01:36:18,SELL,SSTK,67,16.39,1098.13,DROPPED_FROM_TARGET
2026-05-07,2026-05-07 01:36:18,SELL,SYM,19,58.17,1105.23,DROPPED_FROM_TARGET
2026-05-07,2026-05-07 01:36:18,SELL,TITN,51,21.39,1090.89,DROPPED_FROM_TARGET
2026-05-07,2026-05-07 01:36:18,SELL,TLRY,184,5.7987,1066.96,DROPPED_FROM_TARGET
2026-05-07,2026-05-07 01:36:18,SELL,TPR,6,145.71,874.26,DROPPED_FROM_TARGET
2026-05-07,2026-05-07 01:36:18,SELL,TRIP,96,11.11,1066.56,DROPPED_FROM_TARGET
2026-05-07,2026-05-07 01:36:18,SELL,TYGO,233,4.74,1104.42,DROPPED_FROM_TARGET
2026-05-07,2026-05-07 01:36:18,SELL,UNFI,21,48.9,1026.9,DROPPED_FROM_TARGET
2026-05-07,2026-05-07 01:36:18,SELL,USNA,58,20.01,1160.58,DROPPED_FROM_TARGET
2026-05-07,2026-05-07 01:36:18,SELL,VRSN,3,270.0,810.0,DROPPED_FROM_TARGET
2026-05-07,2026-05-07 01:36:18,SELL,WEAV,178,6.01,1069.78,DROPPED_FROM_TARGET
2026-05-07,2026-05-07 01:36:18,SELL,WKC,39,26.81,1045.59,DROPPED_FROM_TARGET
2026-05-07,2026-05-07 01:36:18,BUY,AMZN,17,274.989990234375,4674.83,BUY
2026-05-07,2026-05-07 01:36:18,BUY,APEI,46,55.9099998474121,2571.86,BUY
2026-05-07,2026-05-07 01:36:18,BUY,ATLC,18,77.82,1400.76,ADD
2026-05-07,2026-05-07 01:36:18,BUY,BJRI,56,40.05,2242.8,ADD
2026-05-07,2026-05-07 01:36:18,BUY,BLDR,21,78.91,1657.11,ADD
2026-05-07,2026-05-07 01:36:18,BUY,CNC,22,53.32,1173.04,ADD
2026-05-07,2026-05-07 01:36:18,BUY,DECK,35,103.919998168945,3637.2,BUY
2026-05-07,2026-05-07 01:36:18,BUY,DPZ,9,325.35,2928.15,ADD
2026-05-07,2026-05-07 01:36:18,BUY,ELV,11,315.5,3470.5,ADD
2026-05-07,2026-05-07 01:36:18,BUY,ENSG,34,175.929992675781,5981.62,BUY
2026-05-07,2026-05-07 01:36:18,BUY,EQIX,5,1087.9599609375,5439.8,BUY
2026-05-07,2026-05-07 01:36:18,BUY,FN,3,679.090026855469,2037.27,BUY
2026-05-07,2026-05-07 01:36:18,BUY,FRHC,16,141.11,2257.76,ADD
2026-05-07,2026-05-07 01:36:18,BUY,GAP,120,24.5599994659424,2947.2,BUY
2026-05-07,2026-05-07 01:36:18,BUY,GO,90,7.5,675.0,ADD
2026-05-07,2026-05-07 01:36:18,BUY,HSY,23,202.55,4658.65,ADD
2026-05-07,2026-05-07 01:36:18,BUY,LZB,83,35.37,2935.71,ADD
2026-05-07,2026-05-07 01:36:18,BUY,MGPI,77,18.29,1408.33,ADD
2026-05-07,2026-05-07 01:36:18,BUY,NGVC,134,27.11,3632.74,ADD
2026-05-07,2026-05-07 01:36:18,BUY,NICE,18,96.8499984741211,1743.3,BUY
2026-05-07,2026-05-07 01:36:18,BUY,NSIT,30,66.0,1980.0,ADD
2026-05-07,2026-05-07 01:36:18,BUY,PLAB,37,52.0900001525879,1927.33,BUY
2026-05-07,2026-05-07 01:36:18,BUY,SFM,26,75.03,1950.78,ADD
2026-05-07,2026-05-07 01:36:18,BUY,STM,45,57.9500007629395,2607.75,BUY
2026-05-07,2026-05-07 01:36:18,BUY,TLS,355,4.24,1505.2,ADD
2026-05-07,2026-05-07 01:36:18,BUY,TMHC,48,60.35,2896.8,ADD
2026-05-07,2026-05-07 01:36:18,BUY,TSEM,8,216.869995117188,1734.96,BUY
2026-05-07,2026-05-07 01:36:18,BUY,WIX,11,79.74,877.14,ADD
2026-05-07,2026-05-07 01:36:18,BUY,WMK,44,71.64,3152.16,ADD
2026-05-07,2026-05-07 01:36:18,BUY,WSM,21,186.470001220703,3915.87,BUY
2026-05-08,2026-05-08 01:38:15,SELL,ADNT,32,21.6,691.2,DROPPED_FROM_TARGET
2026-05-08,2026-05-08 01:38:15,SELL,AES,76,14.4,1094.4,DROPPED_FROM_TARGET
2026-05-08,2026-05-08 01:38:15,SELL,AMPY,67,5.53,370.51,DROPPED_FROM_TARGET
2026-05-08,2026-05-08 01:38:15,SELL,ARCO,132,7.52,992.64,DROPPED_FROM_TARGET
2026-05-08,2026-05-08 01:38:15,SELL,BBW,30,37.42,1122.6,DROPPED_FROM_TARGET
2026-05-08,2026-05-08 01:38:15,SELL,BBY,18,58.55,1053.9,DROPPED_FROM_TARGET
2026-05-08,2026-05-08 01:38:15,SELL,BLMN,193,8.05,1553.65,DROPPED_FROM_TARGET
2026-05-08,2026-05-08 01:38:15,SELL,BXC,22,52.96,1165.12,DROPPED_FROM_TARGET
2026-05-08,2026-05-08 01:38:15,SELL,CBRL,37,31.22,1155.14,DROPPED_FROM_TARGET
2026-05-08,2026-05-08 01:38:15,SELL,CCRN,105,13.05,1370.25,DROPPED_FROM_TARGET
2026-05-08,2026-05-08 01:38:15,SELL,CMCO,13,15.8,205.4,DROPPED_FROM_TARGET
2026-05-08,2026-05-08 01:38:15,SELL,COLL,31,39.33,1219.23,DROPPED_FROM_TARGET
2026-05-08,2026-05-08 01:38:15,SELL,COUR,186,5.89,1095.54,DROPPED_FROM_TARGET
2026-05-08,2026-05-08 01:38:15,SELL,CRCT,261,4.36,1137.96,DROPPED_FROM_TARGET
2026-05-08,2026-05-08 01:38:15,SELL,CRTO,56,16.45,921.2,DROPPED_FROM_TARGET
2026-05-08,2026-05-08 01:38:15,SELL,CVS,13,80.71,1049.23,DROPPED_FROM_TARGET
2026-05-08,2026-05-08 01:38:15,SELL,ETD,5,20.44,102.2,DROPPED_FROM_TARGET
2026-05-08,2026-05-08 01:38:15,SELL,ETSY,16,68.04,1088.64,DROPPED_FROM_TARGET
2026-05-08,2026-05-08 01:38:15,SELL,FDP,26,37.55,976.3,DROPPED_FROM_TARGET
2026-05-08,2026-05-08 01:38:15,SELL,FN,1,622.0,622.0,DROPPED_FROM_TARGET
2026-05-08,2026-05-08 01:38:15,SELL,FVRR,94,11.63,1093.22,DROPPED_FROM_TARGET
2026-05-08,2026-05-08 01:38:15,SELL,GOLD,25,43.51,1087.75,DROPPED_FROM_TARGET
2026-05-08,2026-05-08 01:38:15,SELL,HDSN,176,5.3,932.8,DROPPED_FROM_TARGET
2026-05-08,2026-05-08 01:38:15,SELL,HOG,23,23.5,540.5,DROPPED_FROM_TARGET
2026-05-08,2026-05-08 01:38:15,SELL,INGM,38,26.87,1021.06,DROPPED_FROM_TARGET
2026-05-08,2026-05-08 01:38:15,SELL,KE,40,25.95,1038.0,DROPPED_FROM_TARGET
2026-05-08,2026-05-08 01:38:15,SELL,LAW,224,4.01,898.24,DROPPED_FROM_TARGET
2026-05-08,2026-05-08 01:38:15,SELL,LFMD,213,4.42,941.46,DROPPED_FROM_TARGET
2026-05-08,2026-05-08 01:38:15,SELL,LKQ,39,27.98,1091.22,DROPPED_FROM_TARGET
2026-05-08,2026-05-08 01:38:15,SELL,LZ,183,5.96,1090.68,DROPPED_FROM_TARGET
2026-05-08,2026-05-08 01:38:15,SELL,M,56,19.2,1075.2,DROPPED_FROM_TARGET
2026-05-08,2026-05-08 01:38:15,SELL,MANH,8,140.29,1122.32,DROPPED_FROM_TARGET
2026-05-08,2026-05-08 01:38:15,SELL,MDXG,301,3.69,1110.69,DROPPED_FROM_TARGET
2026-05-08,2026-05-08 01:38:15,SELL,MGA,18,61.24,1102.32,DROPPED_FROM_TARGET
2026-05-08,2026-05-08 01:38:15,SELL,MGPI,81,18.29,1481.49,DROPPED_FROM_TARGET
2026-05-08,2026-05-08 01:38:15,SELL,MLKN,70,16.1512,1130.58,DROPPED_FROM_TARGET
2026-05-08,2026-05-08 01:38:15,SELL,MNDY,14,74.1,1037.4,DROPPED_FROM_TARGET
2026-05-08,2026-05-08 01:38:15,SELL,MOS,47,23.54,1106.38,DROPPED_FROM_TARGET
2026-05-08,2026-05-08 01:38:15,SELL,MPAA,97,11.47,1112.59,DROPPED_FROM_TARGET
2026-05-08,2026-05-08 01:38:15,SELL,NRDS,90,9.86,887.4,DROPPED_FROM_TARGET
2026-05-08,2026-05-08 01:38:15,SELL,NRIM,45,24.66,1109.7,DROPPED_FROM_TARGET
2026-05-08,2026-05-08 01:38:15,SELL,NUTX,7,133.96,937.72,DROPPED_FROM_TARGET
2026-05-08,2026-05-08 01:38:15,SELL,NVCR,64,15.88,1016.32,DROPPED_FROM_TARGET
2026-05-08,2026-05-08 01:38:15,SELL,OSPN,91,12.15,1105.65,DROPPED_FROM_TARGET
2026-05-08,2026-05-08 01:38:15,SELL,OXM,26,45.36,1179.36,DROPPED_FROM_TARGET
2026-05-08,2026-05-08 01:38:15,SELL,PLAY,100,11.6,1160.0,DROPPED_FROM_TARGET
2026-05-08,2026-05-08 01:38:15,SELL,PLTK,298,3.52,1048.96,DROPPED_FROM_TARGET
2026-05-08,2026-05-08 01:38:15,SELL,PPC,26,33.3,865.8,DROPPED_FROM_TARGET
2026-05-08,2026-05-08 01:38:15,SELL,RHI,15,27.4,411.0,DROPPED_FROM_TARGET
2026-05-08,2026-05-08 01:38:15,SELL,RPD,167,6.55,1093.85,DROPPED_FROM_TARGET
2026-05-08,2026-05-08 01:38:15,SELL,RYN,52,20.41,1061.32,DROPPED_FROM_TARGET
2026-05-08,2026-05-08 01:38:15,SELL,SBH,81,13.86,1122.66,DROPPED_FROM_TARGET
2026-05-08,2026-05-08 01:38:15,SELL,SIRI,3,26.7,80.1,DROPPED_FROM_TARGET
2026-05-08,2026-05-08 01:38:15,SELL,SLP,71,15.65,1111.15,DROPPED_FROM_TARGET
2026-05-08,2026-05-08 01:38:15,SELL,SMWB,360,3.28,1180.8,DROPPED_FROM_TARGET
2026-05-08,2026-05-08 01:38:15,SELL,SNEX,10,122.0,1220.0,DROPPED_FROM_TARGET
2026-05-08,2026-05-08 01:38:15,SELL,SSTK,67,16.39,1098.13,DROPPED_FROM_TARGET
2026-05-08,2026-05-08 01:38:15,SELL,SYM,19,58.32,1108.08,DROPPED_FROM_TARGET
2026-05-08,2026-05-08 01:38:15,SELL,TITN,51,21.5,1096.5,DROPPED_FROM_TARGET
2026-05-08,2026-05-08 01:38:15,SELL,TLRY,184,5.66,1041.44,DROPPED_FROM_TARGET
2026-05-08,2026-05-08 01:38:15,SELL,TPR,6,130.53,783.18,DROPPED_FROM_TARGET
2026-05-08,2026-05-08 01:38:15,SELL,TRIP,96,11.11,1066.56,DROPPED_FROM_TARGET
2026-05-08,2026-05-08 01:38:15,SELL,TYGO,233,4.37,1018.21,DROPPED_FROM_TARGET
2026-05-08,2026-05-08 01:38:15,SELL,UNFI,21,48.9,1026.9,DROPPED_FROM_TARGET
2026-05-08,2026-05-08 01:38:15,SELL,USNA,58,19.46,1128.68,DROPPED_FROM_TARGET
2026-05-08,2026-05-08 01:38:15,SELL,VRSN,3,270.0,810.0,DROPPED_FROM_TARGET
2026-05-08,2026-05-08 01:38:15,SELL,WEAV,178,6.05,1076.9,DROPPED_FROM_TARGET
2026-05-08,2026-05-08 01:38:15,SELL,WIX,13,79.74,1036.62,DROPPED_FROM_TARGET
2026-05-08,2026-05-08 01:38:15,SELL,WKC,39,26.9,1049.1,DROPPED_FROM_TARGET
2026-05-08,2026-05-08 01:38:15,SELL,ELV,1,315.5,315.5,TRIM
2026-05-08,2026-05-08 01:38:15,SELL,FRHC,1,139.03,139.03,TRIM
2026-05-08,2026-05-08 01:38:15,SELL,TMHC,3,59.47,178.41,TRIM
2026-05-08,2026-05-08 01:38:15,BUY,AMZN,16,271.170013427734,4338.72,BUY
2026-05-08,2026-05-08 01:38:15,BUY,APEI,44,54.7099990844727,2407.24,BUY
2026-05-08,2026-05-08 01:38:15,BUY,ATLC,16,78.34,1253.44,ADD
2026-05-08,2026-05-08 01:38:15,BUY,BJRI,49,40.88,2003.12,ADD
2026-05-08,2026-05-08 01:38:15,BUY,BLDR,19,78.91,1499.29,ADD
2026-05-08,2026-05-08 01:38:15,BUY,CNC,20,53.32,1066.4,ADD
2026-05-08,2026-05-08 01:38:15,BUY,DECK,33,102.720001220703,3389.76,BUY
2026-05-08,2026-05-08 01:38:15,BUY,DPZ,8,333.17,2665.36,ADD
2026-05-08,2026-05-08 01:38:15,BUY,ENSG,33,174.300003051758,5751.9,BUY
2026-05-08,2026-05-08 01:38:15,BUY,GAP,115,23.8999996185303,2748.5,BUY
2026-05-08,2026-05-08 01:38:15,BUY,GO,76,7.5,570.0,ADD
2026-05-08,2026-05-08 01:38:15,BUY,HSY,22,202.55,4456.1,ADD
2026-05-08,2026-05-08 01:38:15,BUY,LAD,12,291.1,3493.2,ADD
2026-05-08,2026-05-08 01:38:15,BUY,LZB,75,35.56,2667.0,ADD
2026-05-08,2026-05-08 01:38:15,BUY,NGVC,127,27.76,3525.52,ADD
2026-05-08,2026-05-08 01:38:15,BUY,NICE,18,95.6399993896484,1721.52,BUY
2026-05-08,2026-05-08 01:38:15,BUY,NSIT,24,70.96,1703.04,ADD
2026-05-08,2026-05-08 01:38:15,BUY,PLAB,36,50.3600006103516,1812.96,BUY
2026-05-08,2026-05-08 01:38:15,BUY,SFM,23,75.03,1725.69,ADD
2026-05-08,2026-05-08 01:38:15,BUY,STM,43,55.9000015258789,2403.7,BUY
2026-05-08,2026-05-08 01:38:15,BUY,TLS,282,4.423,1247.29,ADD
2026-05-08,2026-05-08 01:38:15,BUY,TSEM,8,210.0,1680.0,BUY
2026-05-08,2026-05-08 01:38:15,BUY,VC,24,112.349998474121,2696.4,BUY
2026-05-08,2026-05-08 01:38:15,BUY,WCN,26,153.570007324219,3992.82,BUY
2026-05-08,2026-05-08 01:38:15,BUY,WMK,42,70.7,2969.4,ADD
2026-05-08,2026-05-08 01:38:15,BUY,WSM,20,183.419998168945,3668.4,BUY
2026-05-08,,SELL,ADNT,32,22.185,709.92,LIQUIDATE
2026-05-08,,SELL,AES,76,14.295,1086.42,LIQUIDATE
2026-05-08,,SELL,AMPY,67,5.29,354.43,LIQUIDATE
2026-05-08,,SELL,AMZN,16,272.51,4360.16,LIQUIDATE
2026-05-08,,SELL,APEI,12,56.6,679.2,LIQUIDATE
2026-05-08,,SELL,ARCO,132,9.08,1198.56,LIQUIDATE
2026-05-08,,SELL,ATLC,14,74.0,1036.0,LIQUIDATE
2026-05-08,,SELL,BBW,30,38.665,1159.95,LIQUIDATE
2026-05-08,,SELL,BBY,18,58.97,1061.46,LIQUIDATE
2026-05-08,,SELL,BJRI,29,41.86,1213.94,LIQUIDATE
2026-05-08,,SELL,BLDR,14,79.13,1107.82,LIQUIDATE
2026-05-08,,SELL,BLMN,193,7.99,1542.07,LIQUIDATE
2026-05-08,,SELL,BXC,22,52.8125,1161.88,LIQUIDATE
2026-05-08,,SELL,CBRL,37,31.97,1182.89,LIQUIDATE
2026-05-08,,SELL,CCRN,105,13.11,1376.55,LIQUIDATE
2026-05-08,,SELL,CMCO,13,15.65,203.45,LIQUIDATE
2026-05-08,,SELL,CNC,20,55.14,1102.8,LIQUIDATE
2026-05-08,,SELL,COLL,31,37.845,1173.19,LIQUIDATE
2026-05-08,,SELL,COUR,186,5.905,1098.33,LIQUIDATE
2026-05-08,,SELL,CRCT,261,4.275,1115.78,LIQUIDATE
2026-05-08,,SELL,CRTO,56,16.385,917.56,LIQUIDATE
2026-05-08,,SELL,CVS,13,89.27,1160.51,LIQUIDATE
2026-05-08,,SELL,DECK,1,100.71,100.71,LIQUIDATE
2026-05-08,,SELL,DPZ,3,327.07,981.21,LIQUIDATE
2026-05-08,,SELL,ELV,12,373.985,4487.82,LIQUIDATE
2026-05-08,,SELL,EQIX,4,1071.06,4284.24,LIQUIDATE
2026-05-08,,SELL,ETD,3,20.33,60.99,LIQUIDATE
2026-05-08,,SELL,ETSY,16,63.815,1021.04,LIQUIDATE
2026-05-08,,SELL,FDP,26,37.66,979.16,LIQUIDATE
2026-05-08,,SELL,FN,1,619.475,619.48,LIQUIDATE
2026-05-08,,SELL,FRHC,23,139.24,3202.52,LIQUIDATE
2026-05-08,,SELL,FVRR,94,11.38,1069.72,LIQUIDATE
2026-05-08,,SELL,GO,136,8.215,1117.24,LIQUIDATE
2026-05-08,,SELL,GOLD,25,45.725,1143.12,LIQUIDATE
2026-05-08,,SELL,HDSN,176,5.29,931.04,LIQUIDATE
2026-05-08,,SELL,HOG,23,24.515,563.84,LIQUIDATE
2026-05-08,,SELL,HSY,5,186.14,930.7,LIQUIDATE
2026-05-08,,SELL,INGM,10,27.16,271.6,LIQUIDATE
2026-05-08,,SELL,KE,40,25.99,1039.6,LIQUIDATE
2026-05-08,,SELL,LAD,15,292.035,4380.53,LIQUIDATE
2026-05-08,,SELL,LAW,224,4.015,899.36,LIQUIDATE
2026-05-08,,SELL,LFMD,213,4.69,998.97,LIQUIDATE
2026-05-08,,SELL,LKQ,39,29.07,1133.73,LIQUIDATE
2026-05-08,,SELL,LZ,183,6.005,1098.91,LIQUIDATE
2026-05-08,,SELL,LZB,32,35.64,1140.48,LIQUIDATE
2026-05-08,,SELL,M,56,19.41,1086.96,LIQUIDATE
2026-05-08,,SELL,MANH,8,140.96,1127.68,LIQUIDATE
2026-05-08,,SELL,MDXG,301,3.685,1109.18,LIQUIDATE
2026-05-08,,SELL,MGA,18,62.07,1117.26,LIQUIDATE
2026-05-08,,SELL,MGPI,81,19.46,1576.26,LIQUIDATE
2026-05-08,,SELL,MLKN,70,16.36,1145.2,LIQUIDATE
2026-05-08,,SELL,MNDY,14,71.6,1002.4,LIQUIDATE
2026-05-08,,SELL,MOS,47,22.79,1071.13,LIQUIDATE
2026-05-08,,SELL,MPAA,97,11.63,1128.11,LIQUIDATE
2026-05-08,,SELL,NGVC,131,25.64,3358.84,LIQUIDATE
2026-05-08,,SELL,NRDS,90,9.34,840.6,LIQUIDATE
2026-05-08,,SELL,NRIM,45,24.52,1103.4,LIQUIDATE
2026-05-08,,SELL,NSIT,15,80.35,1205.25,LIQUIDATE
2026-05-08,,SELL,NUTX,7,134.69,942.83,LIQUIDATE
2026-05-08,,SELL,NVCR,64,17.67,1130.88,LIQUIDATE
2026-05-08,,SELL,OSPN,91,12.245,1114.29,LIQUIDATE
2026-05-08,,SELL,OXM,26,45.06,1171.56,LIQUIDATE
2026-05-08,,SELL,PLAY,100,10.49,1049.0,LIQUIDATE
2026-05-08,,SELL,PPC,3,29.78,89.34,LIQUIDATE
2026-05-08,,SELL,RHI,15,26.31,394.65,LIQUIDATE
2026-05-08,,SELL,RPD,167,6.765,1129.75,LIQUIDATE
2026-05-08,,SELL,RYN,5,20.475,102.38,LIQUIDATE
2026-05-08,,SELL,SBH,81,14.165,1147.37,LIQUIDATE
2026-05-08,,SELL,SFM,13,83.18,1081.34,LIQUIDATE
2026-05-08,,SELL,SIRI,3,26.485,79.46,LIQUIDATE
2026-05-08,,SELL,SLP,71,15.895,1128.55,LIQUIDATE
2026-05-08,,SELL,SMWB,360,3.34,1202.4,LIQUIDATE
2026-05-08,,SELL,SNEX,10,120.69,1206.9,LIQUIDATE
2026-05-08,,SELL,SSTK,67,16.885,1131.3,LIQUIDATE
2026-05-08,,SELL,SYM,19,51.1,970.9,LIQUIDATE
2026-05-08,,SELL,TITN,51,21.47,1094.97,LIQUIDATE
2026-05-08,,SELL,TLRY,184,5.565,1023.96,LIQUIDATE
2026-05-08,,SELL,TLS,249,4.4091,1097.87,LIQUIDATE
2026-05-08,,SELL,TMHC,66,59.9075,3953.9,LIQUIDATE
2026-05-08,,SELL,TPR,6,134.225,805.35,LIQUIDATE
2026-05-08,,SELL,TRIP,96,10.725,1029.6,LIQUIDATE
2026-05-08,,SELL,TSEM,8,211.37,1690.96,LIQUIDATE
2026-05-08,,SELL,TYGO,233,4.24,987.92,LIQUIDATE
2026-05-08,,SELL,UNFI,21,50.92,1069.32,LIQUIDATE
2026-05-08,,SELL,USNA,9,18.795,169.16,LIQUIDATE
2026-05-08,,SELL,VRSN,3,282.61,847.83,LIQUIDATE
2026-05-08,,SELL,WEAV,178,5.82,1035.96,LIQUIDATE
2026-05-08,,SELL,WIX,13,76.05,988.65,LIQUIDATE
2026-05-08,,SELL,WKC,39,26.95,1051.05,LIQUIDATE
2026-05-08,,SELL,WMK,15,70.35,1055.25,LIQUIDATE
2026-05-08,2026-05-08 01:38:15,BUY,ENSG,33,174.300003051758,5751.9,BOOTSTRAP
2026-05-08,2026-05-08 01:38:15,BUY,HSY,28,187.059997558594,5237.68,BOOTSTRAP
2026-05-08,2026-05-08 01:38:15,BUY,EQIX,4,1066.76000976563,4267.04,BOOTSTRAP
2026-05-08,2026-05-08 01:38:15,BUY,AMZN,16,271.170013427734,4338.72,BOOTSTRAP
2026-05-08,2026-05-08 01:38:15,BUY,LAD,14,291.100006103516,4075.4,BOOTSTRAP
2026-05-08,2026-05-08 01:38:15,BUY,WMK,57,70.6999969482422,4029.9,BOOTSTRAP
2026-05-08,2026-05-08 01:38:15,BUY,WCN,26,153.570007324219,3992.82,BOOTSTRAP
2026-05-08,2026-05-08 01:38:15,BUY,NGVC,142,27.7600002288818,3941.92,BOOTSTRAP
2026-05-08,2026-05-08 01:38:15,BUY,LZB,108,35.560001373291,3840.48,BOOTSTRAP
2026-05-08,2026-05-08 01:38:15,BUY,TMHC,63,59.4700012207031,3746.61,BOOTSTRAP
2026-05-08,2026-05-08 01:38:15,BUY,ELV,10,372.920013427734,3729.2,BOOTSTRAP
2026-05-08,2026-05-08 01:38:15,BUY,DPZ,11,332.529998779297,3657.83,BOOTSTRAP
2026-05-08,2026-05-08 01:38:15,BUY,WSM,20,183.419998168945,3668.4,BOOTSTRAP
2026-05-08,2026-05-08 01:38:15,BUY,DECK,33,102.720001220703,3389.76,BOOTSTRAP
2026-05-08,2026-05-08 01:38:15,BUY,BJRI,78,40.8800010681152,3188.64,BOOTSTRAP
2026-05-08,2026-05-08 01:38:15,BUY,FRHC,21,139.029998779297,2919.63,BOOTSTRAP
2026-05-08,2026-05-08 01:38:15,BUY,NSIT,39,70.370002746582,2744.43,BOOTSTRAP
2026-05-08,2026-05-08 01:38:15,BUY,GAP,115,23.8999996185303,2748.5,BOOTSTRAP
2026-05-08,2026-05-08 01:38:15,BUY,SFM,33,81.0100021362305,2673.33,BOOTSTRAP
2026-05-08,2026-05-08 01:38:15,BUY,VC,23,112.349998474121,2584.05,BOOTSTRAP
2026-05-08,2026-05-08 01:38:15,BUY,BLDR,33,79.4100036621094,2620.53,BOOTSTRAP
2026-05-08,2026-05-08 01:38:15,BUY,STM,43,55.9000015258789,2403.7,BOOTSTRAP
2026-05-08,2026-05-08 01:38:15,BUY,APEI,43,54.7099990844727,2352.53,BOOTSTRAP
2026-05-08,2026-05-08 01:38:15,BUY,TLS,535,4.42000007629395,2364.7,BOOTSTRAP
2026-05-08,2026-05-08 01:38:15,BUY,ATLC,29,78.3399963378906,2271.86,BOOTSTRAP
2026-05-08,2026-05-08 01:38:15,BUY,CNC,38,54.9799995422363,2089.24,BOOTSTRAP
2026-05-08,2026-05-08 01:38:15,BUY,PLAB,36,50.3600006103516,1812.96,BOOTSTRAP
2026-05-08,2026-05-08 01:38:15,BUY,NICE,17,95.6399993896484,1625.88,BOOTSTRAP
2026-05-08,2026-05-08 01:38:15,BUY,TSEM,7,210.0,1470.0,BOOTSTRAP
2026-05-08,2026-05-08 01:38:15,BUY,GO,199,8.03999996185303,1599.96,BOOTSTRAP
2026-05-09,2026-05-09 09:55:28,SELL,LAD,14,293.99,4115.86,DROPPED_FROM_TARGET
2026-05-09,2026-05-09 09:55:28,SELL,ATLC,1,84.81,84.81,TRIM
2026-05-09,2026-05-09 09:55:28,SELL,NSIT,13,83.79,1089.27,TRIM
2026-05-09,2026-05-09 09:55:28,BUY,AMZN,1,272.68,272.68,ADD
2026-05-09,2026-05-09 09:55:28,BUY,BLDR,2,77.4,154.8,ADD
2026-05-09,2026-05-09 09:55:28,BUY,DECK,2,100.42,200.84,ADD
2026-05-09,2026-05-09 09:55:28,BUY,DPZ,1,323.48,323.48,ADD
2026-05-09,2026-05-09 09:55:28,BUY,ENSG,5,171.45,857.25,ADD
2026-05-09,2026-05-09 09:55:28,BUY,FRHC,2,139.81,279.62,ADD
2026-05-09,2026-05-09 09:55:28,BUY,GAP,7,23.37,163.59,ADD
2026-05-09,2026-05-09 09:55:28,BUY,HSY,2,185.94,371.88,ADD
2026-05-09,2026-05-09 09:55:28,BUY,LZB,5,35.73,178.65,ADD
2026-05-09,2026-05-09 09:55:28,BUY,NGVC,6,26.41,158.46,ADD
2026-05-09,2026-05-09 09:55:28,BUY,NICE,2,92.73,185.46,ADD
2026-05-09,2026-05-09 09:55:28,BUY,TLS,54,4.48,241.92,ADD
2026-05-09,2026-05-09 09:55:28,BUY,TMHC,2,60.0,120.0,ADD
2026-05-09,2026-05-09 09:55:28,BUY,TSEM,1,211.02,211.02,ADD
2026-05-09,2026-05-09 09:55:28,BUY,VC,1,114.35,114.35,ADD
2026-05-09,2026-05-09 09:55:28,BUY,WCN,2,151.82,303.64,ADD
2026-05-09,2026-05-09 09:55:28,BUY,WIX,23,80.120002746582,1842.76,BUY
2026-05-09,2026-05-09 09:55:28,BUY,WMK,3,70.86,212.58,ADD
2026-05-09,2026-05-09 09:55:28,BUY,WSM,1,182.1,182.1,ADD
2026-05-12,2026-05-12 02:03:15,SELL,ATLC,29,80.86,2344.94,DROPPED_FROM_TARGET
2026-05-12,2026-05-12 02:03:15,SELL,LAD,14,286.67,4013.38,DROPPED_FROM_TARGET
2026-05-12,2026-05-12 02:03:15,SELL,WSM,20,176.16,3523.2,DROPPED_FROM_TARGET
2026-05-12,2026-05-12 02:03:15,SELL,GAP,5,24.06,120.3,TRIM
2026-05-12,2026-05-12 02:03:15,SELL,NSIT,15,88.23,1323.45,TRIM
2026-05-12,2026-05-12 02:03:15,SELL,PLAB,3,55.13,165.39,TRIM
2026-05-12,2026-05-12 02:03:15,BUY,AMZN,1,267.82,267.82,ADD
2026-05-12,2026-05-12 02:03:15,BUY,BLDR,3,74.6,223.8,ADD
2026-05-12,2026-05-12 02:03:15,BUY,ELV,2,315.5,631.0,ADD
2026-05-12,2026-05-12 02:03:15,BUY,EQIX,2,1084.76,2169.52,ADD
2026-05-12,2026-05-12 02:03:15,BUY,FRHC,1,141.76,141.76,ADD
2026-05-12,2026-05-12 02:03:15,BUY,FTNT,20,115.440002441406,2308.8,BUY
2026-05-12,2026-05-12 02:03:15,BUY,GO,15,7.5,112.5,ADD
2026-05-12,2026-05-12 02:03:15,BUY,HSY,1,185.0,185.0,ADD
2026-05-12,2026-05-12 02:03:15,BUY,MGPI,121,18.6299991607666,2254.23,BUY
2026-05-12,2026-05-12 02:03:15,BUY,NICE,2,91.25,182.5,ADD
2026-05-12,2026-05-12 02:03:15,BUY,SFM,3,75.03,225.09,ADD
2026-05-12,2026-05-12 02:03:15,BUY,TLS,49,4.34,212.66,ADD
2026-05-12,2026-05-12 02:03:15,BUY,WCN,6,150.98,905.88,ADD
2026-05-12,2026-05-12 02:03:15,BUY,WIX,23,79.3099975585938,1824.13,BUY
2026-05-12,2026-05-12 02:03:15,BUY,WMK,2,69.27,138.54,ADD
2026-05-13,2026-05-13 01:53:02,SELL,ATLC,29,77.6,2250.4,DROPPED_FROM_TARGET
2026-05-13,2026-05-13 01:53:02,SELL,LAD,14,275.3,3854.2,DROPPED_FROM_TARGET
2026-05-13,2026-05-13 01:53:02,SELL,WSM,20,176.16,3523.2,DROPPED_FROM_TARGET
2026-05-13,2026-05-13 01:53:02,SELL,AMZN,4,265.82,1063.28,TRIM
2026-05-13,2026-05-13 01:53:02,SELL,APEI,14,56.3699989318848,789.18,TRIM
2026-05-13,2026-05-13 01:53:02,SELL,BJRI,24,41.42,994.08,TRIM
2026-05-13,2026-05-13 01:53:02,SELL,BLDR,8,72.78,582.24,TRIM
2026-05-13,2026-05-13 01:53:02,SELL,CNC,13,59.31,771.03,TRIM
2026-05-13,2026-05-13 01:53:02,SELL,DECK,9,94.89,854.01,TRIM
2026-05-13,2026-05-13 01:53:02,SELL,DPZ,3,310.16,930.48,TRIM
2026-05-13,2026-05-13 01:53:02,SELL,ELV,3,393.3,1179.9,TRIM
2026-05-13,2026-05-13 01:53:02,SELL,ENSG,13,176.04,2288.52,TRIM
2026-05-13,2026-05-13 01:53:02,SELL,FRHC,6,140.85,845.1,TRIM
2026-05-13,2026-05-13 01:53:02,SELL,GAP,30,21.41,642.3,TRIM
2026-05-13,2026-05-13 01:53:02,SELL,GO,60,7.96,477.6,TRIM
2026-05-13,2026-05-13 01:53:02,SELL,HSY,8,191.91,1535.28,TRIM
2026-05-13,2026-05-13 01:53:02,SELL,LZB,32,35.5,1136.0,TRIM
2026-05-13,2026-05-13 01:53:02,SELL,NGVC,42,27.03,1135.26,TRIM
2026-05-13,2026-05-13 01:53:02,SELL,NICE,4,91.3899993896484,365.56,TRIM
2026-05-13,2026-05-13 01:53:02,SELL,NSIT,22,87.02,1914.44,TRIM
2026-05-13,2026-05-13 01:53:02,SELL,PLAB,13,54.9599990844727,714.48,TRIM
2026-05-13,2026-05-13 01:53:02,SELL,SFM,10,81.5800018310547,815.8,TRIM
2026-05-13,2026-05-13 01:53:02,SELL,STM,14,57.93,811.02,TRIM
2026-05-13,2026-05-13 01:53:02,SELL,TLS,136,4.37,594.32,TRIM
2026-05-13,2026-05-13 01:53:02,SELL,TMHC,20,58.24,1164.8,TRIM
2026-05-13,2026-05-13 01:53:02,SELL,TSEM,2,220.83,441.66,TRIM
2026-05-13,2026-05-13 01:53:02,SELL,VC,7,114.7,802.9,TRIM
2026-05-13,2026-05-13 01:53:02,SELL,WCN,4,151.25,605.0,TRIM
2026-05-13,2026-05-13 01:53:02,SELL,WMK,16,68.85,1101.6,TRIM
2026-05-13,2026-05-13 01:53:02,BUY,DBC,50,31.69,1584.5,BUY
2026-05-13,2026-05-13 01:53:02,BUY,FTNT,14,113.87,1594.18,BUY
2026-05-13,2026-05-13 01:53:02,BUY,GLD,44,432.93,19048.92,BUY
2026-05-13,2026-05-13 01:53:02,BUY,GLD,4,432.93,1731.72,BUY
2026-05-13,2026-05-13 01:53:02,BUY,IEF,17,94.32,1603.44,BUY
2026-05-13,2026-05-13 01:53:02,BUY,MGPI,85,18.29,1554.65,BUY
2026-05-13,2026-05-13 01:53:02,BUY,SPY,2,738.18,1476.36,BUY
2026-05-13,2026-05-13 01:53:02,BUY,TIP,14,111.12,1555.68,BUY
2026-05-13,2026-05-13 01:53:02,BUY,TLT,19,84.99,1614.81,BUY
2026-05-13,2026-05-13 01:53:02,BUY,WIX,16,75.88,1214.08,BUY
2026-05-14,2026-05-14 01:52:07,SELL,WSM,20,176.16,3523.2,DROPPED_FROM_TARGET
2026-05-14,2026-05-14 01:52:07,SELL,APEI,13,56.3699989318848,732.81,TRIM
2026-05-14,2026-05-14 01:52:07,SELL,HSY,1,195.67,195.67,TRIM
2026-05-14,2026-05-14 01:52:07,SELL,NICE,4,91.3899993896484,365.56,TRIM
2026-05-14,2026-05-14 01:52:07,SELL,PLAB,13,54.9599990844727,714.48,TRIM
2026-05-14,2026-05-14 01:52:07,BUY,ENSG,1,169.410003662109,169.41,ADD
2026-05-14,2026-05-14 01:52:07,BUY,GLD,1,430.5,430.5,ADD
2026-05-15,2026-05-15 09:32:13,SELL,SPY,2,740.83,1481.66,DROPPED_FROM_TARGET
2026-05-15,2026-05-15 09:32:13,SELL,WIX,16,52.5,840.0,DROPPED_FROM_TARGET
2026-05-15,2026-05-15 09:32:13,SELL,APEI,13,54.36,706.68,TRIM
2026-05-15,2026-05-15 09:32:13,SELL,ENSG,3,179.26,537.78,TRIM
2026-05-15,2026-05-15 09:32:13,SELL,NICE,3,87.94,263.82,TRIM
2026-05-15,2026-05-15 09:32:13,SELL,PLAB,12,52.01,624.12,TRIM
2026-05-15,2026-05-15 09:32:13,SELL,SFM,2,86.97,173.94,TRIM
2026-05-15,2026-05-15 09:32:13,SELL,STM,4,64.38,257.52,TRIM
2026-05-15,2026-05-15 09:32:13,SELL,TSEM,2,280.69,561.38,TRIM
2026-05-15,2026-05-15 09:32:13,BUY,ATLC,19,80.27,1525.13,BUY
2026-05-15,2026-05-15 09:32:13,BUY,DBC,11,31.15,342.65,ADD
2026-05-15,2026-05-15 09:32:13,BUY,EQIX,1,1079.68,1079.68,ADD
2026-05-15,2026-05-15 09:32:13,BUY,GLD,1,427.21,427.21,ADD
2026-05-15,2026-05-15 09:32:13,BUY,IEF,3,94.26,282.78,ADD
2026-05-15,2026-05-15 09:32:13,BUY,LZB,7,34.93,244.51,ADD
2026-05-15,2026-05-15 09:32:13,BUY,TIP,3,111.01,333.03,ADD
2026-05-15,2026-05-15 09:32:13,BUY,TLT,3,84.92,254.76,ADD
2026-05-15,2026-05-15 09:32:13,BUY,TMHC,3,56.95,170.85,ADD
2026-05-18,2026-05-18 15:57:25,SELL,PLAB,11,47.4799995422363,522.28,TRIM
2026-05-18,2026-05-18 15:57:25,SELL,STM,4,61.41,245.64,TRIM
2026-05-18,2026-05-18 15:57:25,SELL,WCN,1,156.61,156.61,TRIM
2026-05-18,2026-05-18 15:57:25,BUY,ENSG,2,177.67,355.34,ADD
2026-05-18,2026-05-18 15:57:25,BUY,FRHC,1,140.02,140.02,ADD
2026-05-18,2026-05-18 15:57:25,BUY,GLD,1,417.29,417.29,ADD
2026-05-18,2026-05-18 15:57:25,BUY,TSEM,1,245.0,245.0,ADD
2026-05-18,2026-05-18 15:57:25,BUY,VC,4,110.49,441.96,ADD
2026-05-19,2026-05-19 02:03:36,SELL,DBC,11,31.38,345.18,TRIM
2026-05-19,2026-05-19 02:03:36,SELL,FTNT,1,126.5,126.5,TRIM
2026-05-19,2026-05-19 02:03:36,SELL,GLD,1,418.43,418.43,TRIM
2026-05-19,2026-05-19 02:03:36,SELL,HSY,1,191.73,191.73,TRIM
2026-05-19,2026-05-19 02:03:36,SELL,IEF,3,93.47,280.41,TRIM
2026-05-19,2026-05-19 02:03:36,SELL,NGVC,6,29.13,174.78,TRIM
2026-05-19,2026-05-19 02:03:36,SELL,TIP,3,110.48,331.44,TRIM
2026-05-19,2026-05-19 02:03:36,SELL,TLT,3,83.56,250.68,TRIM
2026-05-19,2026-05-19 02:03:36,SELL,WMK,2,72.02,144.04,TRIM
2026-05-19,2026-05-19 02:03:36,BUY,SPY,2,738.65,1477.3,BUY
2026-05-20,2026-05-20 02:04:40,SELL,TLS,399,4.26,1699.74,DROPPED_FROM_TARGET
2026-05-20,2026-05-20 02:04:40,SELL,ELV,1,402.27,402.27,TRIM
2026-05-20,2026-05-20 02:04:40,SELL,SFM,1,90.02,90.02,TRIM
2026-05-20,2026-05-20 02:04:40,BUY,ADBE,8,254.99,2039.92,BUY
2026-05-20,2026-05-20 02:04:40,BUY,GLD,1,411.5,411.5,ADD
2026-05-21,2026-05-21 03:04:45,SELL,SFM,20,85.51,1710.2,DROPPED_FROM_TARGET
2026-05-21,2026-05-21 03:04:45,SELL,AMZN,1,265.01,265.01,TRIM
2026-05-21,2026-05-21 03:04:45,SELL,BJRI,4,43.87,175.48,TRIM
2026-05-21,2026-05-21 03:04:45,SELL,DECK,1,98.24,98.24,TRIM
2026-05-21,2026-05-21 03:04:45,SELL,ENSG,1,178.26,178.26,TRIM
2026-05-21,2026-05-21 03:04:45,SELL,EQIX,1,1065.06,1065.06,TRIM
2026-05-21,2026-05-21 03:04:45,SELL,FTNT,1,130.0,130.0,TRIM
2026-05-21,2026-05-21 03:04:45,SELL,GLD,1,417.4,417.4,TRIM
2026-05-21,2026-05-21 03:04:45,SELL,LZB,4,35.55,142.2,TRIM
2026-05-21,2026-05-21 03:04:45,SELL,NGVC,3,29.35,88.05,TRIM
2026-05-21,2026-05-21 03:04:45,SELL,NSIT,2,92.18,184.36,TRIM
2026-05-21,2026-05-21 03:04:45,SELL,TMHC,4,57.47,229.88,TRIM
2026-05-21,2026-05-21 03:04:45,BUY,CNXN,54,64.61,3488.94,BUY
